{
  "properties": {
    "connectionReferences": {
      "shared_commondataserviceforapps": {
        "runtimeSource": "embedded",
        "connection": {
          "connectionReferenceLogicalName": "ita_sharedcommondataserviceforapps_2f8c2"
        },
        "api": {
          "name": "shared_commondataserviceforapps"
        }
      }
    },
    "definition": {
      "$schema": "https://schema.management.azure.com/providers/Microsoft.Logic/schemas/2016-06-01/workflowdefinition.json#",
      "contentVersion": "1.0.0.0",
      "parameters": {
        "$authentication": {
          "defaultValue": {},
          "type": "SecureObject"
        },
        "$connections": {
          "defaultValue": {},
          "type": "Object"
        }
      },
      "triggers": {
        "manual": {
          "metadata": {
            "operationMetadataId": "907fc2f0-5bdf-4d07-89c8-0c1061e8bf0c"
          },
          "type": "Request",
          "kind": "Http",
          "inputs": {
            "triggerAuthenticationType": "All",
            "method": "GET"
          }
        }
      },
      "actions": {
        "List_rows": {
          "runAfter": {},
          "metadata": {
            "operationMetadataId": "ba3de041-310b-4e28-b67d-8bec6a3748e9"
          },
          "type": "OpenApiConnection",
          "inputs": {
            "parameters": {
              "entityName": "ita_itaservices",
              "fetchXml": "<fetch version=\"1.0\" mapping=\"logical\" savedqueryid=\"09c4c0d2-7cbe-44f0-b4e8-a33065b88eda\" no-lock=\"false\" distinct=\"true\">\n\t<entity name=\"ita_itaservice\">\n\n                <attribute name=\"ita_itaserviceid\"/>\n                 <attribute name=\"ita_name\"/>\n                 <attribute name=\"ita_displayname\"/>\n                 <attribute name=\"ita_subscriptionrequired\"/>\n                 <attribute name=\"ita_description\"/>\n          \n          <link-entity name=\"ita_itaavailability\" from=\"ita_service\" to=\"ita_itaserviceid\" link-type=\"inner\" alias=\"availability\" visible=\"false\">\n            <attribute name=\"ita_location\"/>\n            <attribute name=\"ita_service\"/>\n\n            <link-entity name=\"ita_itaresourcelocation\" from=\"ita_itaresourcelocationid\" to=\"ita_location\" link-type=\"outer\" alias=\"location\" visible=\"false\">\n                 <attribute name=\"ita_name\"/>\n                 <attribute name=\"ita_displayname\"/>\n            </link-entity>\n          </link-entity>\n\n\t</entity>\n</fetch>"
            },
            "host": {
              "apiId": "/providers/Microsoft.PowerApps/apis/shared_commondataserviceforapps",
              "operationId": "ListRecords",
              "connectionName": "shared_commondataserviceforapps"
            }
          }
        },
        "Response": {
          "runAfter": {
            "List_rows": [
              "Succeeded"
            ]
          },
          "metadata": {
            "operationMetadataId": "37ef8669-c662-407a-b1c7-85a4fb84b8a4"
          },
          "type": "Response",
          "kind": "Http",
          "inputs": {
            "statusCode": 200,
            "body": {
              "result": "OK",
              "data": "@outputs('List_rows')?['body/value']"
            }
          }
        }
      }
    },
    "templateName": null
  },
  "schemaVersion": "1.0.0.0"
}