{
  "properties": {
    "connectionReferences": {
      "shared_commondataserviceforapps": {
        "runtimeSource": "embedded",
        "connection": {
          "connectionReferenceLogicalName": "ita_sharedcommondataserviceforapps_2f8c2"
        },
        "api": {
          "name": "shared_commondataserviceforapps"
        }
      }
    },
    "definition": {
      "$schema": "https://schema.management.azure.com/providers/Microsoft.Logic/schemas/2016-06-01/workflowdefinition.json#",
      "contentVersion": "1.0.0.0",
      "parameters": {
        "$authentication": {
          "defaultValue": {},
          "type": "SecureObject"
        },
        "$connections": {
          "defaultValue": {},
          "type": "Object"
        }
      },
      "triggers": {
        "When_a_row_is_added,_modified_or_deleted": {
          "metadata": {
            "operationMetadataId": "12583c4b-4984-4e3d-925b-794b81c71e6a"
          },
          "type": "OpenApiConnectionWebhook",
          "inputs": {
            "parameters": {
              "subscriptionRequest/message": 4,
              "subscriptionRequest/entityname": "ita_itaservicebooking",
              "subscriptionRequest/scope": 4,
              "subscriptionRequest/filteringattributes": "statecode",
              "subscriptionRequest/name": "403015ba-3978-ee11-8179-000d3ae86f97"
            },
            "host": {
              "apiId": "/providers/Microsoft.PowerApps/apis/shared_commondataserviceforapps",
              "operationId": "SubscribeWebhookTrigger",
              "connectionName": "shared_commondataserviceforapps"
            }
          }
        }
      },
      "actions": {
        "List_rows": {
          "runAfter": {},
          "metadata": {
            "operationMetadataId": "b4c8585d-49a2-47c4-a4e5-eea71aebb5f8"
          },
          "type": "OpenApiConnection",
          "inputs": {
            "parameters": {
              "entityName": "ita_itaservicebookings",
              "$filter": "_ita_serviceavailability_value eq @{triggerOutputs()?['body/_ita_serviceavailability_value']} and statecode eq 0"
            },
            "host": {
              "apiId": "/providers/Microsoft.PowerApps/apis/shared_commondataserviceforapps",
              "operationId": "ListRecords",
              "connectionName": "shared_commondataserviceforapps"
            }
          }
        },
        "Update_a_row": {
          "runAfter": {
            "List_rows": [
              "Succeeded"
            ]
          },
          "metadata": {
            "operationMetadataId": "260ccf4d-0c68-412e-82e9-b726f32d042b"
          },
          "type": "OpenApiConnection",
          "inputs": {
            "parameters": {
              "entityName": "ita_itaavailabilities",
              "recordId": "@triggerOutputs()?['body/_ita_serviceavailability_value']",
              "item/ita_numberofbookings": "@length(outputs('List_rows')?['body/value'])"
            },
            "host": {
              "apiId": "/providers/Microsoft.PowerApps/apis/shared_commondataserviceforapps",
              "operationId": "UpdateRecord",
              "connectionName": "shared_commondataserviceforapps"
            }
          }
        }
      }
    },
    "templateName": null
  },
  "schemaVersion": "1.0.0.0"
}