{
  "properties": {
    "connectionReferences": {
      "shared_commondataserviceforapps": {
        "runtimeSource": "embedded",
        "connection": {
          "connectionReferenceLogicalName": "ita_sharedcommondataserviceforapps_2f8c2"
        },
        "api": {
          "name": "shared_commondataserviceforapps"
        }
      }
    },
    "definition": {
      "$schema": "https://schema.management.azure.com/providers/Microsoft.Logic/schemas/2016-06-01/workflowdefinition.json#",
      "contentVersion": "1.0.0.0",
      "parameters": {
        "$authentication": {
          "defaultValue": {},
          "type": "SecureObject"
        },
        "$connections": {
          "defaultValue": {},
          "type": "Object"
        }
      },
      "triggers": {
        "When_a_row_is_added,_modified_or_deleted": {
          "metadata": {
            "operationMetadataId": "3eb0a2c3-75aa-4c69-b599-873267e5e778"
          },
          "type": "OpenApiConnectionWebhook",
          "inputs": {
            "parameters": {
              "subscriptionRequest/message": 7,
              "subscriptionRequest/entityname": "ita_itaservicebooking",
              "subscriptionRequest/scope": 4,
              "subscriptionRequest/filterexpression": "_ita_authenticationid_value ne null and statuscode eq 1",
              "subscriptionRequest/name": "36afd303-2a87-ee11-8179-000d3ae86f97"
            },
            "host": {
              "apiId": "/providers/Microsoft.PowerApps/apis/shared_commondataserviceforapps",
              "operationId": "SubscribeWebhookTrigger",
              "connectionName": "shared_commondataserviceforapps"
            }
          }
        }
      },
      "actions": {
        "Run_a_Child_Flow": {
          "runAfter": {
            "Get_Authentication_Id": [
              "Succeeded"
            ]
          },
          "metadata": {
            "operationMetadataId": "d24c65da-d52b-43fe-b8a8-89dfcf0b5faf"
          },
          "type": "Workflow",
          "inputs": {
            "host": {
              "workflowReferenceName": "82307ed8-6652-ee11-be6f-000d3ae86f97"
            },
            "body": {
              "text": "@{outputs('Get_Authentication_Id')?['body/ita_cacheprefix']}@{triggerOutputs()?['body/_ita_authenticationid_value']}_booking_list"
            },
            "retryPolicy": {
              "type": "none"
            }
          }
        },
        "Get_Authentication_Id": {
          "runAfter": {},
          "metadata": {
            "operationMetadataId": "afa310a9-a414-4e5a-b86a-e3e2ce7880bf"
          },
          "type": "OpenApiConnection",
          "inputs": {
            "parameters": {
              "entityName": "ita_itaauthenticationids",
              "recordId": "@triggerOutputs()?['body/_ita_authenticationid_value']"
            },
            "host": {
              "apiId": "/providers/Microsoft.PowerApps/apis/shared_commondataserviceforapps",
              "operationId": "GetItem",
              "connectionName": "shared_commondataserviceforapps"
            }
          }
        }
      }
    },
    "templateName": null
  },
  "schemaVersion": "1.0.0.0"
}