<environmentvariabledefinition schemaname="ita_ITAWebStarterNewRequestNotification">
  <defaultvalue>New request received</defaultvalue>
  <description default="New requestion notification message">
    <label description="New requestion notification message" languagecode="1033" />
  </description>
  <displayname default="ITA Web Starter New Request Notification">
    <label description="ITA Web Starter New Request Notification" languagecode="1033" />
  </displayname>
  <introducedversion>1.0.0.0</introducedversion>
  <iscustomizable>1</iscustomizable>
  <isrequired>0</isrequired>
  <secretstore>0</secretstore>
  <type>100000000</type>
</environmentvariabledefinition>